-- MariaDB dump 10.19  Distrib 10.11.6-MariaDB, for debian-linux-gnu (x86_64)
--
-- Host: 192.168.1.10    Database: oblik_pmm
-- ------------------------------------------------------
-- Server version	10.5.23-MariaDB-0+deb11u1-log

/*!40101 SET @OLD_CHARACTER_SET_CLIENT=@@CHARACTER_SET_CLIENT */;
/*!40101 SET @OLD_CHARACTER_SET_RESULTS=@@CHARACTER_SET_RESULTS */;
/*!40101 SET @OLD_COLLATION_CONNECTION=@@COLLATION_CONNECTION */;
/*!40101 SET NAMES utf8mb4 */;
/*!40103 SET @OLD_TIME_ZONE=@@TIME_ZONE */;
/*!40103 SET TIME_ZONE='+00:00' */;
/*!40014 SET @OLD_UNIQUE_CHECKS=@@UNIQUE_CHECKS, UNIQUE_CHECKS=0 */;
/*!40014 SET @OLD_FOREIGN_KEY_CHECKS=@@FOREIGN_KEY_CHECKS, FOREIGN_KEY_CHECKS=0 */;
/*!40101 SET @OLD_SQL_MODE=@@SQL_MODE, SQL_MODE='NO_AUTO_VALUE_ON_ZERO' */;
/*!40111 SET @OLD_SQL_NOTES=@@SQL_NOTES, SQL_NOTES=0 */;

--
-- Table structure for table `dict_document`
--

DROP TABLE IF EXISTS `dict_document`;
/*!40101 SET @saved_cs_client     = @@character_set_client */;
/*!40101 SET character_set_client = utf8 */;
CREATE TABLE `dict_document` (
  `entity_id` int(10) NOT NULL AUTO_INCREMENT,
  `date_operation` date DEFAULT '0000-00-00',
  `postach` varchar(50) CHARACTER SET utf8 COLLATE utf8_general_ci DEFAULT NULL,
  `doc_name` varchar(50) CHARACTER SET utf8 COLLATE utf8_general_ci DEFAULT NULL,
  `doc_nom` varchar(50) CHARACTER SET utf8 COLLATE utf8_general_ci DEFAULT NULL,
  `doc_date` date DEFAULT '0000-00-00',
  PRIMARY KEY (`entity_id`)
) ENGINE=InnoDB AUTO_INCREMENT=5 DEFAULT CHARSET=utf8mb4 COLLATE=utf8mb4_general_ci;
/*!40101 SET character_set_client = @saved_cs_client */;

--
-- Dumping data for table `dict_document`
--

LOCK TABLES `dict_document` WRITE;
/*!40000 ALTER TABLE `dict_document` DISABLE KEYS */;
INSERT INTO `dict_document` VALUES
(1,'0000-00-00','','Початкові значення','','0000-00-00'),
(2,'2024-04-25','Донесення','Зведена відомість','9','2024-04-25'),
(3,'2024-05-23','Підрозділи','Зведена відомість','5','2024-05-22'),
(4,'2024-05-23','Підрозділи','Зведена відомість','5/1','2024-05-22');
/*!40000 ALTER TABLE `dict_document` ENABLE KEYS */;
UNLOCK TABLES;

--
-- Table structure for table `dict_pidrozdil`
--

DROP TABLE IF EXISTS `dict_pidrozdil`;
/*!40101 SET @saved_cs_client     = @@character_set_client */;
/*!40101 SET character_set_client = utf8 */;
CREATE TABLE `dict_pidrozdil` (
  `entity_id` int(10) NOT NULL AUTO_INCREMENT,
  `entity_name` varchar(50) CHARACTER SET utf8 COLLATE utf8_general_ci DEFAULT '',
  PRIMARY KEY (`entity_id`)
) ENGINE=InnoDB AUTO_INCREMENT=28 DEFAULT CHARSET=utf8mb4 COLLATE=utf8mb4_general_ci;
/*!40101 SET character_set_client = @saved_cs_client */;

--
-- Dumping data for table `dict_pidrozdil`
--

LOCK TABLES `dict_pidrozdil` WRITE;
/*!40000 ALTER TABLE `dict_pidrozdil` DISABLE KEYS */;
INSERT INTO `dict_pidrozdil` VALUES
(1,'ПВЗ'),
(2,'ЗРАДН'),
(3,'2САДН'),
(4,'1САДН'),
(5,'Ремонтна рота'),
(6,'МЕХБАТ'),
(7,'1ТБ'),
(8,'2ТБ'),
(9,'3ТБ'),
(10,'ІСР'),
(11,'БМТЗ'),
(12,'Рота охорони'),
(13,'Медична рота'),
(14,'Взвод снайперів'),
(15,'БУАР'),
(16,'Розвідувальна рота'),
(17,'РХБЗ'),
(18,'Комендантський взвод'),
(19,'ВУНППО'),
(20,'СОДТ'),
(21,'РЕАБАТ'),
(22,'4ТБ/1ТБ'),
(23,'1СБ'),
(24,'2СБ'),
(25,'РУБАК'),
(26,'Склад ПММ'),
(27,'РВП');
/*!40000 ALTER TABLE `dict_pidrozdil` ENABLE KEYS */;
UNLOCK TABLES;

--
-- Table structure for table `dict_pmm`
--

DROP TABLE IF EXISTS `dict_pmm`;
/*!40101 SET @saved_cs_client     = @@character_set_client */;
/*!40101 SET character_set_client = utf8 */;
CREATE TABLE `dict_pmm` (
  `entity_id` int(10) NOT NULL AUTO_INCREMENT,
  `entity_name` varchar(50) CHARACTER SET utf8 COLLATE utf8_general_ci DEFAULT '',
  `entity_type` varchar(3) CHARACTER SET utf8 COLLATE utf8_general_ci DEFAULT '',
  PRIMARY KEY (`entity_id`)
) ENGINE=InnoDB AUTO_INCREMENT=119 DEFAULT CHARSET=utf8mb4 COLLATE=utf8mb4_general_ci;
/*!40101 SET character_set_client = @saved_cs_client */;

--
-- Dumping data for table `dict_pmm`
--

LOCK TABLES `dict_pmm` WRITE;
/*!40000 ALTER TABLE `dict_pmm` DISABLE KEYS */;
INSERT INTO `dict_pmm` VALUES
(1,'А-80','АБ'),
(2,'А-80 ДЗ','АБ'),
(3,'А-80 Євро4-ЕО','АБ'),
(4,'А-80 довгострокового зберігання','АБ'),
(5,'А-92 Євро-5 Е5','АБ'),
(6,'Shebel A-92 Євро5 Е5','АБ'),
(7,'А-92 Євро-5 Е0','АБ'),
(8,'А-92 Євро-5 Е10','АБ'),
(9,'А-95 Євро-5 Е0','АБ'),
(10,'А-95 Євро-5 Е5','АБ'),
(11,'А-95 Євро-5 Е10','АБ'),
(12,'ДП Л Євро5-ВО','ДП'),
(13,'ДП Л Євро5-В7','ДП'),
(14,'ДП-Л-Євро5-ВО(ULSD 10 PPM)','ДП'),
(15,'ДП-Л-Євро 5-ВО DISEL (Class D)','ДП'),
(16,'ДП Арк.Євро-5 ВО','ДП'),
(17,'ДП Арк.Євро 5 В5','ДП'),
(18,'ДП-Л-Євро 5-ВО (DISEL TRIADA)','ДП'),
(19,'ДП Арк.Євро-5 ВО (Марковане)','ДП'),
(20,'ДП-Арк-Євро5-ВО(ДП-А-к5,кл. 4)','ДП'),
(21,'ДП Арк.Євро-5 ВО (ULSD 10 PPM)','ДП'),
(22,'ДП-З Євро-5 ВО','ДП'),
(23,'ДП-З Євро-5 ВО  (пал. диз.к (2)','ДП'),
(24,'ДП-З Євро-5 ВО  (пал. диз.кл F)','ДП'),
(25,'ДП Арк.Євро-5 ВО (ДТ-3-К5 кл.2)','ДП'),
(26,'ДП З - к5, кл. ІІ','ДП'),
(27,'ДТ-Е-К5 сорт Е','ДП'),
(28,'ДП-З-0,2-25','ДП'),
(29,'ДП Євро сорт С вид 1 (ДТ-З)','ДП'),
(30,'ДПЗ Євро5-ВО (ДТ-Е-К5 сорт Е )','ДП'),
(31,'Паливо дизельне клас Е','ДП'),
(32,'ДП Євро сорт Е К5 (ДТ-Е-К5)','ДП'),
(33,'ДПЗЄвро5-В0(ДПЕКО Disel ultraF)','ДП'),
(34,'ENERGY ДП-Л-Євро5 В0','ДП'),
(35,'Дизельне паливо ДП (МТД)','ДП'),
(36,'ПД ULSD 10PPM (ДП З ЄВРО 5ВО) ','ДП'),
(37,'Азмол Гарант М-4042 ВТ','М'),
(38,'М6з10В','М'),
(39,'нефрас С2-80 120','М'),
(40,'Селена 20','М'),
(41,'ПРОТЕК SD 10W40 API CI-4CL','М'),
(42,'PRISTA SHPD VDS3 10W40','М'),
(43,'PRISTA SHPD VDS3 10W40 СI4SL','М'),
(44,'JasolTrukUltra UHPD Ci-4SL10W40','М'),
(45,'YUKOMEGADISEL 10W40 ','М'),
(46,'YUKOMEGADISEL 10W40 API C14SL','М'),
(47,'VIP OIL Professional (TDI 10W40','М'),
(48,'Олива CI-4SL 10W40','М'),
(49,'Олива моторна O-1180 OX-90','М'),
(50,'АГРІНОЛ 5W40 API CI-4SL','М'),
(51,'SAE 5W40 API CI-4SL','М'),
(52,'ПРОТЕК SD 5W40','М'),
(53,'Cyclon Motor SAE 5W40','М'),
(54,'ПРОТЕК МD 15W40 API','М'),
(55,'15W40 MOBILE DELVAC MX','М'),
(56,'CYCLOW D SUPER PLUS SAE 15w40','М'),
(57,'SAE 15w-40 API CH-4 SJ O-236','М'),
(58,'Prista SHPD VDS3 15W40 Ci-4SL','М'),
(59,'Prista SHPD VDS3 15W40 Premium','М'),
(60,'Prista SHPD VDS3 15W40','М'),
(61,'15w40','М'),
(62,'YUKOMEGADISEL 15W40 API CI4 SL','М'),
(63,'5w30','М'),
(64,'5W30 API CI-4SL','М'),
(65,'АРІАН УЛЬТSAE 5W30 API CI 41SL','М'),
(66,'PRISTA SHPDVDS3 20W50 21 OL','М'),
(67,'М-8В','М'),
(68,'М-10Г2К','М'),
(69,'M10 Г2К вищ.гат.','М'),
(70,'M10 Г2К (Fastriol)','М'),
(71,'Prista MT-16P','М'),
(72,'МТ-16П','М'),
(73,'YUKO MT-16П','М'),
(74,'М-16В2 (М-16ИХП-3)','М'),
(75,'ТАД-17','М'),
(76,'ТСп-14 ГИП','М'),
(77,'ТСП-15к','М'),
(78,'ТсЗП-8','М'),
(79,'МТ-8П','М'),
(80,'ТАП-15В','М'),
(81,'PRISTA ULTRAGER 75w90','М'),
(82,'SAE 80w90','М'),
(83,'YUKO ATF-III','М'),
(84,'Олива веетенна АУ','М'),
(85,'Агрінол АУ','М'),
(86,'FH-51','М'),
(87,'МГЕ-10А','М'),
(88,'МГЕ-46В','М'),
(89,'Стеол М','М'),
(90,'ПОЖ-70','М'),
(91,'РЖ','М'),
(92,'ГОИ-54','М'),
(93,'Літол-24','М'),
(94,'ЗЗК-3У','М'),
(95,'Ціатім-201','М'),
(96,'Ціатім-221','М'),
(97,'Мастило графітне','М'),
(98,'PRISTA Antifrize','СР'),
(99,'Тосол М-40','СР'),
(100,'ОЖ-40','СР'),
(101,'(ОЖ) Тосол 40','СР'),
(102,'А-40','СР'),
(103,'A-4OM PREMIUM','СР'),
(104,'Тосол А-40','СР'),
(105,'Тосол-40','СР'),
(106,'Тосол A-4OM','СР'),
(107,'Тосол A-4OM PREMIUM','СР'),
(108,'ПРОТЕК Тосол А-40','СР'),
(109,'ТОСОЛ АРІАН G11','СР'),
(110,'Водн.розчин сеч.ADBLUE (S-1764)','СР'),
(111,'Рідина AdBlue','СР'),
(112,'Рідина Ad Blue PRISTA NOX','СР'),
(113,'Відновник оксиду азоту Ad Blue','СР'),
(114,'ASUS -32 (Ad Blue)','СР'),
(115,'ДОТ-4','СР'),
(116,'ДОТ-4 РОС','СР'),
(117,'ТОМЬ','СР'),
(118,'ГТЖ-22','СР');
/*!40000 ALTER TABLE `dict_pmm` ENABLE KEYS */;
UNLOCK TABLES;

--
-- Table structure for table `pmm_2024`
--

DROP TABLE IF EXISTS `pmm_2024`;
/*!40101 SET @saved_cs_client     = @@character_set_client */;
/*!40101 SET character_set_client = utf8 */;
CREATE TABLE `pmm_2024` (
  `entity_id` int(10) NOT NULL AUTO_INCREMENT,
  `date_operation` date DEFAULT '0000-00-00',
  `doc_name` varchar(50) CHARACTER SET utf8 COLLATE utf8_general_ci DEFAULT '',
  `doc_nomer` varchar(50) CHARACTER SET utf8 COLLATE utf8_general_ci DEFAULT '',
  `doc_date` date DEFAULT '0000-00-00',
  `postach` varchar(50) CHARACTER SET utf8 COLLATE utf8_general_ci DEFAULT '',
  `in_l` float(12,4) DEFAULT 0.0000,
  `in_k` float(12,4) DEFAULT 0.0000,
  `out_l` float(12,4) DEFAULT 0.0000,
  `out_k` float(12,4) DEFAULT 0.0000,
  `zal_l` float(12,4) DEFAULT 0.0000,
  `zal_k` float(12,4) DEFAULT 0.0000,
  `pidrozdil` int(10) NOT NULL,
  `pmm` int(10) NOT NULL,
  `date_create` date DEFAULT current_timestamp(),
  `date_modify` date DEFAULT current_timestamp(),
  PRIMARY KEY (`entity_id`)
) ENGINE=InnoDB AUTO_INCREMENT=250 DEFAULT CHARSET=utf8mb4 COLLATE=utf8mb4_general_ci;
/*!40101 SET character_set_client = @saved_cs_client */;

--
-- Dumping data for table `pmm_2024`
--

LOCK TABLES `pmm_2024` WRITE;
/*!40000 ALTER TABLE `pmm_2024` DISABLE KEYS */;
INSERT INTO `pmm_2024` VALUES
(1,'2024-04-20','Початкові значення','','0000-00-00','',25327.0000,19026.0000,0.0000,0.0000,0.0000,0.0000,1,1,'2024-06-02','2024-06-02'),
(2,'2024-04-25','Зведена відомість','9','2024-04-25','Донесення',0.0000,0.0000,23197.0000,17438.0000,0.0000,0.0000,1,1,'2024-06-02','2024-06-02'),
(3,'2024-04-20','Початкові значення','','0000-00-00','',8334.0000,6237.0000,0.0000,0.0000,0.0000,0.0000,6,1,'2024-06-02','2024-06-02'),
(4,'2024-04-25','Зведена відомість','9','2024-04-25','Донесення',0.0000,0.0000,7975.0000,5968.0000,0.0000,0.0000,6,1,'2024-06-02','2024-06-02'),
(5,'2024-04-20','Початкові значення','','0000-00-00','',296.0000,223.0000,0.0000,0.0000,0.0000,0.0000,11,1,'2024-06-02','2024-06-02'),
(9,'2024-04-20','Початкові значення','','0000-00-00','',0.0000,3446.0000,0.0000,0.0000,0.0000,0.0000,26,2,'2024-06-02','2024-06-02'),
(10,'2024-04-25','Зведена відомість','9','2024-04-25','Донесення',0.0000,0.0000,0.0000,0.0000,0.0000,0.0000,26,2,'2024-06-02','2024-06-02'),
(11,'2024-04-20','Початкові значення','','0000-00-00','',513.0000,363.0000,0.0000,0.0000,0.0000,0.0000,8,2,'2024-06-02','2024-06-02'),
(12,'2024-04-20','Початкові значення','','0000-00-00','',788.0000,584.0000,0.0000,0.0000,0.0000,0.0000,9,2,'2024-06-02','2024-06-02'),
(13,'2024-04-20','Початкові значення','','0000-00-00','',44382.0000,33199.0000,0.0000,0.0000,0.0000,0.0000,6,2,'2024-06-02','2024-06-02'),
(14,'2024-04-25','Зведена відомість','9','2024-04-25','Донесення',0.0000,0.0000,1855.0000,1422.0000,0.0000,0.0000,8,2,'2024-06-02','2024-06-02'),
(15,'2024-04-25','Зведена відомість','9','2024-04-25','Донесення',0.0000,0.0000,3454.0000,2553.0000,0.0000,0.0000,9,2,'2024-06-02','2024-06-02'),
(16,'2024-04-25','Зведена відомість','9','2024-04-25','Донесення',0.0000,0.0000,29729.0000,22237.0000,0.0000,0.0000,6,2,'2024-06-02','2024-06-02'),
(17,'2024-04-20','Початкові значення','','0000-00-00','',7136.0000,5804.0000,0.0000,0.0000,0.0000,0.0000,4,2,'2024-06-02','2024-06-02'),
(18,'2024-04-25','Зведена відомість','9','2024-04-25','Донесення',0.0000,0.0000,2891.0000,2141.0000,0.0000,0.0000,4,2,'2024-06-02','2024-06-02'),
(19,'2024-04-20','Початкові значення','','0000-00-00','',5113.0000,3819.0000,0.0000,0.0000,0.0000,0.0000,3,2,'2024-06-02','2024-06-02'),
(20,'2024-04-25','Зведена відомість','9','2024-04-25','Донесення',0.0000,0.0000,4181.0000,3123.0000,0.0000,0.0000,3,2,'2024-06-02','2024-06-02'),
(21,'2024-04-20','Початкові значення','','0000-00-00','',6851.0000,5135.0000,0.0000,0.0000,0.0000,0.0000,2,2,'2024-06-02','2024-06-02'),
(22,'2024-04-25','Зведена відомість','9','2024-04-25','Донесення',0.0000,0.0000,1102.0000,826.0000,0.0000,0.0000,2,2,'2024-06-02','2024-06-02'),
(23,'2024-04-20','Початкові значення','','0000-00-00','',48799.0000,36423.0000,0.0000,0.0000,0.0000,0.0000,1,2,'2024-06-02','2024-06-02'),
(24,'2024-04-20','Початкові значення','','0000-00-00','',5865.0000,4372.0000,0.0000,0.0000,0.0000,0.0000,10,2,'2024-06-02','2024-06-02'),
(25,'2024-04-20','Початкові значення','','0000-00-00','',358.0000,268.0000,0.0000,0.0000,0.0000,0.0000,15,2,'2024-06-02','2024-06-02'),
(26,'2024-04-20','Початкові значення','','0000-00-00','',129.0000,95.0000,0.0000,0.0000,0.0000,0.0000,19,2,'2024-06-02','2024-06-02'),
(27,'2024-04-25','Зведена відомість','9','2024-04-25','Донесення',0.0000,0.0000,145.0000,106.0000,0.0000,0.0000,19,2,'2024-06-02','2024-06-02'),
(28,'2024-04-20','Початкові значення','','0000-00-00','',1560.0000,1159.0000,0.0000,0.0000,0.0000,0.0000,5,2,'2024-06-02','2024-06-02'),
(29,'2024-04-25','Зведена відомість','9','2024-04-25','Донесення',0.0000,0.0000,1489.0000,1107.0000,0.0000,0.0000,5,2,'2024-06-02','2024-06-02'),
(30,'2024-04-20','Початкові значення','','0000-00-00','',0.0000,0.0000,19.0000,14.0000,0.0000,0.0000,13,2,'2024-06-02','2024-06-02'),
(31,'2024-04-25','Зведена відомість','9','2024-04-25','Донесення',0.0000,0.0000,295.0000,215.0000,0.0000,0.0000,13,2,'2024-06-02','2024-06-02'),
(32,'2024-04-20','Початкові значення','','0000-00-00','',835.0000,622.0000,0.0000,0.0000,0.0000,0.0000,14,2,'2024-06-02','2024-06-02'),
(33,'2024-04-25','Зведена відомість','9','2024-04-25','Донесення',0.0000,0.0000,582.0000,434.0000,0.0000,0.0000,14,2,'2024-06-02','2024-06-02'),
(34,'2024-04-20','Початкові значення','','0000-00-00','',561.0000,378.0000,0.0000,0.0000,0.0000,0.0000,17,2,'2024-06-02','2024-06-02'),
(35,'2024-04-25','Зведена відомість','9','2024-04-25','Донесення',0.0000,0.0000,345.0000,231.0000,0.0000,0.0000,17,2,'2024-06-02','2024-06-02'),
(36,'2024-04-20','Початкові значення','','0000-00-00','',0.0000,0.0000,158.0000,125.0000,0.0000,0.0000,25,2,'2024-06-02','2024-06-02'),
(37,'2024-04-25','Зведена відомість','9','2024-04-25','Донесення',0.0000,0.0000,34.0000,26.0000,0.0000,0.0000,25,2,'2024-06-02','2024-06-02'),
(38,'2024-04-20','Початкові значення','','0000-00-00','',15992.0000,12366.0000,0.0000,0.0000,0.0000,0.0000,16,2,'2024-06-02','2024-06-02'),
(39,'2024-04-25','Зведена відомість','9','2024-04-25','Донесення',0.0000,0.0000,2353.0000,1820.0000,0.0000,0.0000,16,2,'2024-06-02','2024-06-02'),
(40,'2024-04-20','Початкові значення','','0000-00-00','',18431.0000,13736.0000,0.0000,0.0000,0.0000,0.0000,11,2,'2024-06-02','2024-06-02'),
(41,'2024-04-25','Зведена відомість','9','2024-04-25','Донесення',0.0000,0.0000,8274.0000,6166.0000,0.0000,0.0000,11,2,'2024-06-02','2024-06-02'),
(42,'2024-04-20','Початкові значення','','0000-00-00','',1374.0000,1023.0000,0.0000,0.0000,0.0000,0.0000,18,2,'2024-06-02','2024-06-02'),
(43,'2024-04-25','Зведена відомість','9','2024-04-25','Донесення',0.0000,0.0000,758.0000,564.0000,0.0000,0.0000,18,2,'2024-06-02','2024-06-02'),
(44,'2024-04-20','Початкові значення','','0000-00-00','',0.0000,0.0000,746.0000,562.0000,0.0000,0.0000,20,2,'2024-06-02','2024-06-02'),
(45,'2024-04-25','Зведена відомість','9','2024-04-25','Донесення',0.0000,0.0000,213.0000,160.0000,0.0000,0.0000,20,2,'2024-06-02','2024-06-02'),
(46,'2024-04-20','Початкові значення','','0000-00-00','',9740.0000,7025.0000,0.0000,0.0000,0.0000,0.0000,24,2,'2024-06-02','2024-06-02'),
(47,'2024-04-25','Зведена відомість','9','2024-04-25','Донесення',0.0000,0.0000,4574.0000,3202.0000,0.0000,0.0000,24,2,'2024-06-02','2024-06-02'),
(48,'2024-04-20','Початкові значення','','0000-00-00','',11022.0000,8098.0000,0.0000,0.0000,0.0000,0.0000,22,2,'2024-06-02','2024-06-02'),
(49,'2024-04-20','Початкові значення','','0000-00-00','',15776.0000,11765.0000,0.0000,0.0000,0.0000,0.0000,23,2,'2024-06-02','2024-06-02'),
(50,'2024-04-25','Зведена відомість','9','2024-04-25','Донесення',0.0000,0.0000,3985.0000,2972.0000,0.0000,0.0000,23,2,'2024-06-02','2024-06-02'),
(51,'2024-04-20','Початкові значення','','0000-00-00','',0.0000,0.0000,187.0000,139.0000,0.0000,0.0000,3,1,'2024-06-02','2024-06-02'),
(52,'2024-04-25','Зведена відомість','9','2024-04-25','Донесення',0.0000,0.0000,0.0000,0.0000,0.0000,0.0000,3,1,'2024-06-02','2024-06-02'),
(53,'2024-04-25','Зведена відомість','9','2024-04-25','Донесення',0.0000,0.0000,0.0000,0.0000,0.0000,0.0000,11,1,'2024-06-02','2024-06-02'),
(54,'2024-04-20','Початкові значення','','0000-00-00','',5255.0000,3994.0000,0.0000,0.0000,0.0000,0.0000,16,1,'2024-06-02','2024-06-02'),
(55,'2024-04-25','Зведена відомість','9','2024-04-25','Донесення',0.0000,0.0000,5255.0000,3994.0000,0.0000,0.0000,16,1,'2024-06-02','2024-06-02'),
(56,'2024-04-20','Початкові значення','','0000-00-00','',0.0000,0.0000,41.0000,31.0000,0.0000,0.0000,19,1,'2024-06-02','2024-06-02'),
(57,'2024-04-25','Зведена відомість','9','2024-04-25','Донесення',0.0000,0.0000,0.0000,0.0000,0.0000,0.0000,19,1,'2024-06-02','2024-06-02'),
(58,'2024-04-20','Початкові значення','','0000-00-00','',100.0000,75.0000,0.0000,0.0000,0.0000,0.0000,1,3,'2024-06-02','2024-06-02'),
(59,'2024-04-25','Зведена відомість','9','2024-04-25','Донесення',0.0000,0.0000,100.0000,75.0000,0.0000,0.0000,1,3,'2024-06-02','2024-06-02'),
(60,'2024-04-20','Початкові значення','','0000-00-00','',345.0000,266.0000,0.0000,0.0000,0.0000,0.0000,5,5,'2024-06-02','2024-06-02'),
(61,'2024-04-20','Початкові значення','','0000-00-00','',150.0000,114.0000,0.0000,0.0000,0.0000,0.0000,18,5,'2024-06-02','2024-06-02'),
(62,'2024-04-20','Початкові значення','','0000-00-00','',3084.0000,2776.0000,0.0000,0.0000,0.0000,0.0000,21,7,'2024-06-02','2024-06-02'),
(63,'2024-04-25','Зведена відомість','9','2024-04-25','Донесення',0.0000,0.0000,2121.0000,1909.0000,0.0000,0.0000,21,7,'2024-06-02','2024-06-02'),
(64,'2024-04-20','Початкові значення','','0000-00-00','',0.0000,0.0000,40.0000,30.0000,0.0000,0.0000,6,7,'2024-06-02','2024-06-02'),
(65,'2024-04-20','Початкові значення','','0000-00-00','',0.0000,4334.0000,0.0000,0.0000,0.0000,0.0000,26,7,'2024-06-02','2024-06-02'),
(66,'2024-04-25','Зведена відомість','9','2024-04-25','Донесення',0.0000,0.0000,0.0000,0.0000,0.0000,0.0000,26,7,'2024-06-02','2024-06-02'),
(68,'2024-05-23','Зведена відомість','5','2024-05-22','Підрозділи',0.0000,0.0000,0.0000,2317.0000,0.0000,0.0000,26,7,'2024-06-02','2024-06-02'),
(69,'2024-05-23','Зведена відомість','5','2024-05-22','Підрозділи',3157.0000,2317.0000,0.0000,0.0000,0.0000,0.0000,21,7,'2024-06-02','2024-06-02'),
(70,'2024-04-23','Зведена відомість','4','2024-04-23','Підрозділи',63.0000,48.0000,0.0000,0.0000,0.0000,0.0000,18,9,'2024-06-02','2024-06-02'),
(71,'2024-04-20','Початкові значення','','0000-00-00','',0.0000,250.0000,0.0000,0.0000,0.0000,0.0000,26,9,'2024-06-02','2024-06-02'),
(72,'2024-04-23','Зведена відомість','4','2024-04-23','Підрозділи',0.0000,0.0000,0.0000,48.0000,0.0000,0.0000,26,9,'2024-06-02','2024-06-02'),
(73,'2024-04-20','Початкові значення','','0000-00-00','',0.0000,7824.0000,0.0000,0.0000,0.0000,0.0000,26,12,'2024-06-02','2024-06-02'),
(74,'2024-04-25','Зведена відомість','9','2024-04-25','Донесення',0.0000,0.0000,0.0000,0.0000,0.0000,0.0000,26,12,'2024-06-02','2024-06-02'),
(75,'2024-04-20','Початкові значення','','0000-00-00','',20826.0000,17494.0000,0.0000,0.0000,0.0000,0.0000,8,12,'2024-06-02','2024-06-02'),
(76,'2024-04-20','Початкові значення','','0000-00-00','',6768.0000,5685.0000,0.0000,0.0000,0.0000,0.0000,9,12,'2024-06-02','2024-06-02'),
(77,'2024-04-20','Початкові значення','','0000-00-00','',16698.0000,14156.0000,0.0000,0.0000,0.0000,0.0000,1,12,'2024-06-02','2024-06-02'),
(78,'2024-04-25','Зведена відомість','9','2024-04-25','Донесення',0.0000,0.0000,16338.0000,13853.0000,0.0000,0.0000,1,12,'2024-06-02','2024-06-02'),
(79,'2024-04-20','Початкові значення','','0000-00-00','',1274.0000,1077.0000,0.0000,0.0000,0.0000,0.0000,11,12,'2024-06-02','2024-06-02'),
(80,'2024-04-20','Початкові значення','','0000-00-00','',2208.0000,1876.0000,0.0000,0.0000,0.0000,0.0000,16,12,'2024-06-02','2024-06-02'),
(81,'2024-04-25','Зведена відомість','9','2024-04-25','Донесення',0.0000,0.0000,2208.0000,1876.0000,0.0000,0.0000,16,12,'2024-06-02','2024-06-02'),
(82,'2024-04-20','Початкові значення','','0000-00-00','',5052.0000,4254.0000,0.0000,0.0000,0.0000,0.0000,23,12,'2024-06-02','2024-06-02'),
(83,'2024-04-20','Початкові значення','','0000-00-00','',7500.0000,6297.0000,0.0000,0.0000,0.0000,0.0000,24,12,'2024-06-02','2024-06-02'),
(84,'2024-04-25','Зведена відомість','9','2024-04-25','Донесення',0.0000,0.0000,1338.0000,1132.0000,0.0000,0.0000,24,12,'2024-06-02','2024-06-02'),
(85,'2024-04-20','Початкові значення','','0000-00-00','',138328.0000,117221.0000,0.0000,0.0000,0.0000,0.0000,8,16,'2024-06-02','2024-06-02'),
(86,'2024-04-25','Зведена відомість','9','2024-04-25','Донесення',0.0000,0.0000,13218.0000,11103.0000,0.0000,0.0000,8,16,'2024-06-02','2024-06-02'),
(87,'2024-04-20','Початкові значення','','0000-00-00','',29288.0000,24866.0000,0.0000,0.0000,0.0000,0.0000,9,16,'2024-06-02','2024-06-02'),
(88,'2024-04-25','Зведена відомість','9','2024-04-25','Донесення',0.0000,0.0000,12256.0000,10295.0000,0.0000,0.0000,9,16,'2024-06-02','2024-06-02'),
(89,'2024-04-20','Початкові значення','','0000-00-00','',108265.0000,91848.0000,0.0000,0.0000,0.0000,0.0000,6,16,'2024-06-02','2024-06-02'),
(90,'2024-04-25','Зведена відомість','9','2024-04-25','Донесення',0.0000,0.0000,92701.0000,78644.0000,0.0000,0.0000,6,16,'2024-06-02','2024-06-02'),
(91,'2024-04-20','Початкові значення','','0000-00-00','',19477.0000,16348.0000,0.0000,0.0000,0.0000,0.0000,4,16,'2024-06-02','2024-06-02'),
(92,'2024-04-25','Зведена відомість','9','2024-04-25','Донесення',0.0000,0.0000,9169.0000,7610.0000,0.0000,0.0000,4,16,'2024-06-02','2024-06-02'),
(93,'2024-04-20','Початкові значення','','0000-00-00','',31942.0000,26834.0000,0.0000,0.0000,0.0000,0.0000,3,16,'2024-06-02','2024-06-02'),
(94,'2024-04-25','Зведена відомість','9','2024-04-25','Донесення',0.0000,0.0000,9484.0000,7878.0000,0.0000,0.0000,3,16,'2024-06-02','2024-06-02'),
(95,'2024-04-20','Початкові значення','','0000-00-00','',0.0000,0.0000,948.0000,831.0000,0.0000,0.0000,2,16,'2024-06-02','2024-06-02'),
(96,'2024-04-25','Зведена відомість','9','2024-04-25','Донесення',0.0000,0.0000,4474.0000,3848.0000,0.0000,0.0000,2,16,'2024-06-02','2024-06-02'),
(97,'2024-04-20','Початкові значення','','0000-00-00','',6229.0000,5268.0000,0.0000,0.0000,0.0000,0.0000,21,16,'2024-06-02','2024-06-02'),
(98,'2024-04-25','Зведена відомість','9','2024-04-25','Донесення',0.0000,0.0000,1639.0000,1377.0000,0.0000,0.0000,21,16,'2024-06-02','2024-06-02'),
(99,'2024-04-20','Початкові значення','','0000-00-00','',41448.0000,35189.0000,0.0000,0.0000,0.0000,0.0000,1,16,'2024-06-02','2024-06-02'),
(100,'2024-04-25','Зведена відомість','9','2024-04-25','Донесення',0.0000,0.0000,1214.0000,1031.0000,0.0000,0.0000,1,16,'2024-06-02','2024-06-02'),
(101,'2024-04-20','Початкові значення','','0000-00-00','',34197.0000,28998.0000,0.0000,0.0000,0.0000,0.0000,11,16,'2024-06-02','2024-06-02'),
(102,'2024-04-25','Зведена відомість','9','2024-04-25','Донесення',0.0000,0.0000,20260.0000,17182.0000,0.0000,0.0000,11,16,'2024-06-02','2024-06-02'),
(103,'2024-04-20','Початкові значення','','0000-00-00','',28277.0000,23818.0000,0.0000,0.0000,0.0000,0.0000,5,16,'2024-06-02','2024-06-02'),
(104,'2024-04-25','Зведена відомість','9','2024-04-25','Донесення',0.0000,0.0000,24127.0000,20322.0000,0.0000,0.0000,5,16,'2024-06-02','2024-06-02'),
(105,'2024-04-20','Початкові значення','','0000-00-00','',4563.0000,3855.0000,0.0000,0.0000,0.0000,0.0000,13,16,'2024-06-02','2024-06-02'),
(106,'2024-04-25','Зведена відомість','9','2024-04-25','Донесення',0.0000,0.0000,3683.0000,3112.0000,0.0000,0.0000,13,16,'2024-06-02','2024-06-02'),
(107,'2024-04-20','Початкові значення','','0000-00-00','',16101.0000,13609.0000,0.0000,0.0000,0.0000,0.0000,10,16,'2024-06-02','2024-06-02'),
(108,'2024-04-20','Початкові значення','','0000-00-00','',9116.0000,7719.0000,0.0000,0.0000,0.0000,0.0000,16,16,'2024-06-02','2024-06-02'),
(109,'2024-04-25','Зведена відомість','9','2024-04-25','Донесення',0.0000,0.0000,3646.0000,3088.0000,0.0000,0.0000,16,16,'2024-06-02','2024-06-02'),
(110,'2024-04-20','Початкові значення','','0000-00-00','',6821.0000,5777.0000,0.0000,0.0000,0.0000,0.0000,18,16,'2024-06-02','2024-06-02'),
(111,'2024-04-25','Зведена відомість','9','2024-04-25','Донесення',0.0000,0.0000,1930.0000,1621.0000,0.0000,0.0000,18,16,'2024-06-02','2024-06-02'),
(112,'2024-04-20','Початкові значення','','0000-00-00','',8540.0000,7002.0000,0.0000,0.0000,0.0000,0.0000,23,16,'2024-06-02','2024-06-02'),
(113,'2024-04-25','Зведена відомість','9','2024-04-25','Донесення',0.0000,0.0000,5224.0000,4283.0000,0.0000,0.0000,23,16,'2024-06-02','2024-06-02'),
(114,'2024-04-20','Початкові значення','','0000-00-00','',68016.0000,58229.0000,0.0000,0.0000,0.0000,0.0000,22,16,'2024-06-02','2024-06-02'),
(115,'2024-04-20','Початкові значення','','0000-00-00','',7896.0000,6664.0000,0.0000,0.0000,0.0000,0.0000,24,16,'2024-06-02','2024-06-02'),
(116,'2024-04-25','Зведена відомість','9','2024-04-25','Донесення',0.0000,0.0000,6475.0000,5464.0000,0.0000,0.0000,24,16,'2024-06-02','2024-06-02'),
(117,'2024-04-20','Початкові значення','','0000-00-00','',1848.0000,1561.0000,0.0000,0.0000,0.0000,0.0000,15,16,'2024-06-02','2024-06-02'),
(118,'2024-04-25','Зведена відомість','9','2024-04-25','Донесення',0.0000,0.0000,1247.0000,1047.0000,0.0000,0.0000,15,16,'2024-06-02','2024-06-02'),
(119,'2024-04-20','Початкові значення','','0000-00-00','',316.0000,267.0000,0.0000,0.0000,0.0000,0.0000,17,16,'2024-06-02','2024-06-02'),
(120,'2024-04-25','Зведена відомість','9','2024-04-25','Донесення',0.0000,0.0000,203.0000,171.0000,0.0000,0.0000,17,16,'2024-06-02','2024-06-02'),
(121,'2024-04-20','Початкові значення','','0000-00-00','',0.0000,0.0000,4788.0000,4069.0000,0.0000,0.0000,25,16,'2024-06-02','2024-06-02'),
(122,'2024-04-25','Зведена відомість','9','2024-04-25','Донесення',0.0000,0.0000,2855.0000,2398.0000,0.0000,0.0000,25,16,'2024-06-02','2024-06-02'),
(123,'2024-04-20','Початкові значення','','0000-00-00','',0.0000,1400.0000,0.0000,0.0000,0.0000,0.0000,26,16,'2024-06-02','2024-06-02'),
(124,'2024-04-25','ТЧВ','22/147','2024-04-04','А1126',120.0000,100.0000,0.0000,0.0000,0.0000,0.0000,5,17,'2024-06-02','2024-06-02'),
(125,'2024-04-20','Початкові значення','','0000-00-00','',10355.0000,8802.0000,0.0000,0.0000,0.0000,0.0000,9,26,'2024-06-02','2024-06-02'),
(126,'2024-04-25','Зведена відомість','5','2024-04-25','Списання',0.0000,0.0000,10355.0000,8802.0000,0.0000,0.0000,9,26,'2024-06-02','2024-06-02'),
(127,'2023-04-20','Початкові значення','','0000-00-00','',4800.0000,4080.0000,0.0000,0.0000,0.0000,0.0000,9,27,'2024-06-02','2024-06-02'),
(128,'2023-04-25','Зведена відомість','5','2023-04-25','Списання',0.0000,0.0000,4800.0000,4080.0000,0.0000,0.0000,9,27,'2024-06-02','2024-06-02'),
(129,'2024-04-20','Початкові значення','','0000-00-00','',69.0000,58.0000,0.0000,0.0000,0.0000,0.0000,16,27,'2024-06-02','2024-06-02'),
(130,'2024-04-25','Зведена відомість','5','2024-04-25','Списання',0.0000,0.0000,69.0000,58.0000,0.0000,0.0000,16,27,'2024-06-02','2024-06-02'),
(131,'2024-04-25','ТЧВ','22/147','2024-04-04','А1126',1095.0000,920.0000,0.0000,0.0000,0.0000,0.0000,5,30,'2024-06-02','2024-06-02'),
(132,'2024-04-20','Початкові значення','','0000-00-00','',356.0000,303.0000,0.0000,0.0000,0.0000,0.0000,16,31,'2024-06-02','2024-06-02'),
(133,'2024-04-25','Зведена відомість','9','2024-04-25','Донесення',0.0000,0.0000,356.0000,303.0000,0.0000,0.0000,16,31,'2024-06-02','2024-06-02'),
(134,'2024-04-20','Початкові значення','','0000-00-00','',8932.0000,7597.0000,0.0000,0.0000,0.0000,0.0000,6,34,'2024-06-02','2024-06-02'),
(135,'2024-04-20','Початкові значення','','0000-00-00','',2248.0000,1913.0000,0.0000,0.0000,0.0000,0.0000,1,34,'2024-06-02','2024-06-02'),
(136,'2024-04-20','Початкові значення','','0000-00-00','',1676.0000,1424.0000,0.0000,0.0000,0.0000,0.0000,16,34,'2024-06-02','2024-06-02'),
(137,'2024-04-20','Початкові значення','','0000-00-00','',320.0000,269.0000,0.0000,0.0000,0.0000,0.0000,1,36,'2024-06-02','2024-06-02'),
(138,'2024-04-25','Зведена відомість','9','2024-04-25','Донесення',0.0000,0.0000,320.0000,269.0000,0.0000,0.0000,1,36,'2024-06-02','2024-06-02'),
(139,'2024-05-20','Накладна','б/н','2024-05-20','Склад ПММ',0.0000,18958.0000,0.0000,0.0000,0.0000,0.0000,26,2,'2024-06-02','2024-06-02'),
(140,'2024-05-23','Зведена відомість','5','2024-05-22','Підрозділи',0.0000,0.0000,0.0000,18295.0000,0.0000,0.0000,26,2,'2024-06-02','2024-06-02'),
(141,'2024-05-23','Зведена відомість','5/1','2024-05-22','Підрозділи',0.0000,0.0000,0.0000,20051.0000,0.0000,0.0000,26,2,'2024-06-02','2024-06-02'),
(142,'2024-05-23','Зведена відомість','5','2024-05-22','Підрозділи',5451.0000,4006.0000,0.0000,0.0000,0.0000,0.0000,1,2,'2024-06-02','2024-06-02'),
(143,'2024-05-23','Зведена відомість','5','2024-05-22','Підрозділи',5177.0000,3804.0000,0.0000,0.0000,0.0000,0.0000,10,2,'2024-06-02','2024-06-02'),
(144,'2024-05-23','Зведена відомість','5','2024-05-22','Підрозділи',894.0000,657.0000,0.0000,0.0000,0.0000,0.0000,15,2,'2024-06-02','2024-06-02'),
(145,'2024-05-23','Зведена відомість','5','2024-05-22','Підрозділи',180.0000,150.0000,0.0000,0.0000,0.0000,0.0000,19,2,'2024-06-02','2024-06-02'),
(146,'2024-05-23','Зведена відомість','5','2024-05-22','Підрозділи',1240.0000,912.0000,0.0000,0.0000,0.0000,0.0000,5,2,'2024-06-02','2024-06-02'),
(147,'2024-05-23','Зведена відомість','5','2024-05-22','Підрозділи',470.0000,346.0000,0.0000,0.0000,0.0000,0.0000,13,2,'2024-06-02','2024-06-02'),
(148,'2024-05-23','Зведена відомість','5','2024-05-22','Підрозділи',700.0000,588.0000,0.0000,0.0000,0.0000,0.0000,14,2,'2024-06-02','2024-06-02'),
(149,'2024-05-23','Зведена відомість','5','2024-05-22','Підрозділи',516.0000,379.0000,0.0000,0.0000,0.0000,0.0000,17,2,'2024-06-02','2024-06-02'),
(150,'2024-05-23','Зведена відомість','5','2024-05-22','Підрозділи',1401.0000,1030.0000,0.0000,0.0000,0.0000,0.0000,16,2,'2024-06-02','2024-06-02'),
(151,'2024-05-23','Зведена відомість','5','2024-05-22','Підрозділи',8149.0000,5990.0000,0.0000,0.0000,0.0000,0.0000,11,2,'2024-06-02','2024-06-02'),
(152,'2024-05-23','Зведена відомість','5','2024-05-22','Підрозділи',389.0000,286.0000,0.0000,0.0000,0.0000,0.0000,18,2,'2024-06-02','2024-06-02'),
(153,'2024-05-23','Зведена відомість','5','2024-05-22','Підрозділи',200.0000,147.0000,0.0000,0.0000,0.0000,0.0000,20,2,'2024-06-02','2024-06-02'),
(154,'2024-05-23','Зведена відомість','5/1','2024-05-22','Підрозділи',5586.0000,4106.0000,0.0000,0.0000,0.0000,0.0000,6,2,'2024-06-02','2024-06-02'),
(155,'2024-05-23','Зведена відомість','5/1','2024-05-22','Підрозділи',4000.0000,2944.0000,0.0000,0.0000,0.0000,0.0000,4,2,'2024-06-02','2024-06-02'),
(156,'2024-05-23','Зведена відомість','5/1','2024-05-22','Підрозділи',7500.0000,5520.0000,0.0000,0.0000,0.0000,0.0000,3,2,'2024-06-02','2024-06-02'),
(157,'2024-05-23','Зведена відомість','5/1','2024-05-22','Підрозділи',6000.0000,4422.0000,0.0000,0.0000,0.0000,0.0000,24,2,'2024-06-02','2024-06-02'),
(158,'2024-05-23','Зведена відомість','5/1','2024-05-22','Підрозділи',4156.0000,3059.0000,0.0000,0.0000,0.0000,0.0000,23,2,'2024-06-02','2024-06-02'),
(159,'2024-05-25','Накладна','278','2024-04-22','РУБАК',40.0000,30.0000,0.0000,0.0000,0.0000,0.0000,25,2,'2024-06-02','2024-06-02'),
(160,'2024-05-25','Накладна','278','2024-04-22','РУБАК',40.0000,30.0000,0.0000,0.0000,0.0000,0.0000,24,2,'2024-06-02','2024-06-02'),
(161,'2024-04-25','Зведена відомість','9','2024-04-25','Донесення',0.0000,0.0000,13.0000,10.0000,0.0000,0.0000,18,9,'2024-06-02','2024-06-02'),
(162,'2024-04-20','ТЧВ','48/156','2024-04-20','А0139',0.0000,0.0000,0.0000,50.0000,0.0000,0.0000,26,9,'2024-06-02','2024-06-02'),
(164,'2024-05-23','Зведена відомість','5','2024-05-22','Підрозділи',0.0000,0.0000,0.0000,158.0000,0.0000,0.0000,26,9,'2024-06-02','2024-06-02'),
(165,'2024-05-23','Зведена відомість','5','2024-05-22','Підрозділи',210.0000,158.0000,0.0000,0.0000,0.0000,0.0000,18,9,'2024-06-02','2024-06-02'),
(166,'2024-04-20','Початкові значення','','0000-00-00','',0.0000,142.0000,0.0000,0.0000,0.0000,0.0000,26,10,'2024-06-02','2024-06-02'),
(167,'2024-04-25','ТЧВ','48/156','2024-04-20','А0139',0.0000,0.0000,0.0000,142.0000,0.0000,0.0000,26,10,'2024-06-02','2024-06-02'),
(168,'2024-04-20','Початкові значення','','0000-00-00','',0.0000,110.0000,0.0000,0.0000,0.0000,0.0000,26,11,'2024-06-02','2024-06-02'),
(169,'2024-04-25','ТЧВ','48/156','2024-04-20','А0139',0.0000,0.0000,0.0000,110.0000,0.0000,0.0000,26,11,'2024-06-02','2024-06-02'),
(170,'2024-04-25','ТЧВ','48/156','2024-04-20','А0139',0.0000,0.0000,0.0000,5408.0000,0.0000,0.0000,26,12,'2024-06-02','2024-06-02'),
(171,'2024-05-20','Накладна','б/н','2024-05-20','Склад ПММ',0.0000,148895.0000,0.0000,0.0000,0.0000,0.0000,26,12,'2024-06-02','2024-06-02'),
(172,'2024-05-23','Зведена відомість','5','2024-05-22','Підрозділи',0.0000,0.0000,0.0000,72123.0000,0.0000,0.0000,26,12,'2024-06-02','2024-06-02'),
(173,'2024-05-23','Зведена відомість','5','2024-05-22','Підрозділи',630.0000,526.0000,0.0000,0.0000,0.0000,0.0000,8,12,'2024-06-02','2024-06-02'),
(174,'2024-05-23','Зведена відомість','5','2024-05-22','Підрозділи',88.0000,73.0000,0.0000,0.0000,0.0000,0.0000,6,12,'2024-06-02','2024-06-02'),
(175,'2024-05-23','Зведена відомість','5','2024-05-22','Підрозділи',1500.0000,1253.0000,0.0000,0.0000,0.0000,0.0000,4,12,'2024-06-02','2024-06-02'),
(176,'2024-05-23','Зведена відомість','5','2024-05-22','Підрозділи',2525.0000,2108.0000,0.0000,0.0000,0.0000,0.0000,3,12,'2024-06-02','2024-06-02'),
(177,'2024-05-23','Зведена відомість','5','2024-05-22','Підрозділи',3222.0000,2691.0000,0.0000,0.0000,0.0000,0.0000,21,12,'2024-06-02','2024-06-02'),
(178,'2024-05-23','Зведена відомість','5','2024-05-22','Підрозділи',4455.0000,3719.0000,0.0000,0.0000,0.0000,0.0000,1,12,'2024-06-02','2024-06-02'),
(179,'2024-05-23','Зведена відомість','5','2024-05-22','Підрозділи',24243.0000,20242.0000,0.0000,0.0000,0.0000,0.0000,11,12,'2024-06-02','2024-06-02'),
(180,'2024-05-23','Зведена відомість','5','2024-05-22','Підрозділи',21926.0000,18309.0000,0.0000,0.0000,0.0000,0.0000,5,12,'2024-06-02','2024-06-02'),
(181,'2024-05-23','Зведена відомість','5','2024-05-22','Підрозділи',16165.0000,13496.0000,0.0000,0.0000,0.0000,0.0000,10,12,'2024-06-02','2024-06-02'),
(182,'2024-05-23','Зведена відомість','5','2024-05-22','Підрозділи',2795.0000,2334.0000,0.0000,0.0000,0.0000,0.0000,15,12,'2024-06-02','2024-06-02'),
(183,'2024-05-23','Зведена відомість','5','2024-05-22','Підрозділи',1831.0000,1529.0000,0.0000,0.0000,0.0000,0.0000,18,12,'2024-06-02','2024-06-02'),
(184,'2024-05-23','Зведена відомість','5','2024-05-22','Підрозділи',3325.0000,2776.0000,0.0000,0.0000,0.0000,0.0000,13,12,'2024-06-02','2024-06-02'),
(185,'2024-05-23','Зведена відомість','5','2024-05-22','Підрозділи',2141.0000,1788.0000,0.0000,0.0000,0.0000,0.0000,16,12,'2024-06-02','2024-06-02'),
(186,'2024-05-23','Зведена відомість','5','2024-05-22','Підрозділи',180.0000,150.0000,0.0000,0.0000,0.0000,0.0000,25,12,'2024-06-02','2024-06-02'),
(187,'2024-05-23','Зведена відомість','5','2024-05-22','Підрозділи',742.0000,619.0000,0.0000,0.0000,0.0000,0.0000,27,12,'2024-06-02','2024-06-02'),
(188,'2024-05-23','Зведена відомість','5','2024-05-22','Підрозділи',611.0000,510.0000,0.0000,0.0000,0.0000,0.0000,17,12,'2024-06-02','2024-06-02'),
(189,'2024-05-23','Зведена відомість','5/1','2024-05-22','Підрозділи',0.0000,0.0000,0.0000,51306.0000,0.0000,0.0000,26,12,'2024-06-02','2024-06-02'),
(190,'2024-05-23','Зведена відомість','5/1','2024-05-22','Підрозділи',11555.0000,9729.0000,0.0000,0.0000,0.0000,0.0000,6,12,'2024-06-02','2024-06-02'),
(191,'2024-05-23','Зведена відомість','5/1','2024-05-22','Підрозділи',11000.0000,9346.0000,0.0000,0.0000,0.0000,0.0000,4,12,'2024-06-02','2024-06-02'),
(192,'2024-05-23','Зведена відомість','5/1','2024-05-22','Підрозділи',16104.0000,13503.0000,0.0000,0.0000,0.0000,0.0000,3,12,'2024-06-02','2024-06-02'),
(193,'2024-05-23','Зведена відомість','5/1','2024-05-22','Підрозділи',6311.0000,5270.0000,0.0000,0.0000,0.0000,0.0000,2,12,'2024-06-02','2024-06-02'),
(194,'2024-05-23','Зведена відомість','5/1','2024-05-22','Підрозділи',5052.0000,4218.0000,0.0000,0.0000,0.0000,0.0000,23,12,'2024-06-02','2024-06-02'),
(195,'2024-05-23','Зведена відомість','5/1','2024-05-22','Підрозділи',11000.0000,9240.0000,0.0000,0.0000,0.0000,0.0000,24,12,'2024-06-02','2024-06-02'),
(196,'2024-05-25','Накладна','269','2024-05-20','БМТЗ',430.0000,361.0000,0.0000,0.0000,0.0000,0.0000,11,12,'2024-06-02','2024-06-02'),
(197,'2024-05-25','Накладна','269','2024-05-20','БМТЗ',0.0000,0.0000,430.0000,361.0000,0.0000,0.0000,4,12,'2024-06-02','2024-06-02'),
(198,'2024-05-25','Накладна','251','2024-05-13','РВП',0.0000,0.0000,12.0000,10.0000,0.0000,0.0000,13,12,'2024-06-02','2024-06-02'),
(199,'2024-05-25','Накладна','251','2024-05-13','РВП',12.0000,10.0000,0.0000,0.0000,0.0000,0.0000,27,12,'2024-06-02','2024-06-02'),
(200,'2024-05-25','Накладна','263','2024-05-20','РВП',0.0000,0.0000,60.0000,50.0000,0.0000,0.0000,1,12,'2024-06-02','2024-06-02'),
(201,'2024-05-25','Накладна','263','2024-05-20','РВП',60.0000,50.0000,0.0000,0.0000,0.0000,0.0000,27,12,'2024-06-02','2024-06-02'),
(202,'2024-04-25','ТЧВ','65/565','2024-04-20','А4689',0.0000,0.0000,0.0000,1400.0000,0.0000,0.0000,26,16,'2024-06-02','2024-06-02'),
(203,'2024-04-25','Накладна','204','2024-04-19','1 ТБ',0.0000,0.0000,8.0000,6.0000,0.0000,0.0000,10,16,'2024-06-02','2024-06-02'),
(204,'2024-04-25','Накладна','204','2024-04-19','1 ТБ',8.0000,6.0000,0.0000,0.0000,0.0000,0.0000,22,16,'2024-06-02','2024-06-02'),
(205,'2024-04-25','Накладна','205','2024-03-26','1 СБ',0.0000,0.0000,10.0000,8.0000,0.0000,0.0000,10,16,'2024-06-02','2024-06-02'),
(206,'2024-04-25','Накладна','205','2024-03-26','1 СБ',10.0000,8.0000,0.0000,0.0000,0.0000,0.0000,23,16,'2024-06-02','2024-06-02'),
(207,'2024-05-25','Накладна','238','2024-04-26','2 СБ',0.0000,0.0000,29.0000,25.0000,0.0000,0.0000,13,16,'2024-06-02','2024-06-02'),
(208,'2024-05-25','Накладна','238','2024-04-26','2 СБ',29.0000,25.0000,0.0000,0.0000,0.0000,0.0000,24,16,'2024-06-02','2024-06-02'),
(209,'2024-05-25','Накладна','256','2024-05-15','ПВЗ',0.0000,0.0000,78.0000,66.0000,0.0000,0.0000,5,16,'2024-06-02','2024-06-02'),
(210,'2024-05-25','Накладна','256','2024-05-15','ПВЗ',78.0000,66.0000,0.0000,0.0000,0.0000,0.0000,1,16,'2024-06-02','2024-06-02'),
(211,'2024-05-25','Накладна','262','2024-05-17','2 СБ',0.0000,0.0000,370.0000,315.0000,0.0000,0.0000,4,16,'2024-06-02','2024-06-02'),
(212,'2024-05-25','Накладна','262','2024-05-17','2 СБ',370.0000,315.0000,0.0000,0.0000,0.0000,0.0000,24,16,'2024-06-02','2024-06-02'),
(213,'2024-05-25','Накладна','272','2024-01-22','Комендантский взвод',0.0000,0.0000,145.0000,123.0000,0.0000,0.0000,24,16,'2024-06-02','2024-06-02'),
(214,'2024-05-25','Накладна','272','2024-01-22','Комендантский взвод',145.0000,123.0000,0.0000,0.0000,0.0000,0.0000,18,16,'2024-06-02','2024-06-02'),
(215,'2024-05-25','Накладна','273','2024-01-22','МЕХБАТ',0.0000,0.0000,350.0000,296.0000,0.0000,0.0000,24,16,'2024-06-02','2024-06-02'),
(216,'2024-05-25','Накладна','273','2024-01-22','МЕХБАТ',350.0000,296.0000,0.0000,0.0000,0.0000,0.0000,6,16,'2024-06-02','2024-06-02'),
(217,'2024-05-25','Накладна','274','2024-02-22','Комендантский взвод',0.0000,0.0000,105.0000,89.0000,0.0000,0.0000,24,16,'2024-06-02','2024-06-02'),
(218,'2024-05-25','Накладна','274','2024-02-22','Комендантский взвод',105.0000,89.0000,0.0000,0.0000,0.0000,0.0000,18,16,'2024-06-02','2024-06-02'),
(219,'2024-05-25','Накладна','275','2024-02-22','Медична рота',0.0000,0.0000,70.0000,59.0000,0.0000,0.0000,24,16,'2024-06-02','2024-06-02'),
(220,'2024-05-25','Накладна','275','2024-02-22','Медична рота',70.0000,59.0000,0.0000,0.0000,0.0000,0.0000,13,16,'2024-06-02','2024-06-02'),
(221,'2024-05-25','Накладна','276','2024-04-22','Комендантский взвод',0.0000,0.0000,60.0000,51.0000,0.0000,0.0000,24,16,'2024-06-02','2024-06-02'),
(222,'2024-05-25','Накладна','276','2024-04-22','Комендантский взвод',60.0000,51.0000,0.0000,0.0000,0.0000,0.0000,18,16,'2024-06-02','2024-06-02'),
(225,'2024-05-25','Накладна','277','2024-04-22','РУБАК',0.0000,0.0000,1090.0000,922.0000,0.0000,0.0000,24,16,'2024-06-02','2024-06-02'),
(226,'2024-05-25','Накладна','277','2024-04-22','РУБАК',1090.0000,922.0000,0.0000,0.0000,0.0000,0.0000,25,16,'2024-06-02','2024-06-02'),
(227,'2024-05-24','ЧВ','Д/035/000147','2024-04-21','А4789',0.0000,21736.0000,0.0000,0.0000,0.0000,0.0000,26,12,'2024-06-02','2024-06-02'),
(228,'2024-05-26','ЧВ','Д/035/000147','2024-04-21','А4789',0.0000,11738.0000,0.0000,0.0000,0.0000,0.0000,26,12,'2024-06-02','2024-06-02'),
(229,'2024-05-25','ЧВ','Д/035/000147','2024-04-21','А4789',0.0000,16205.0000,0.0000,0.0000,0.0000,0.0000,26,12,'2024-06-02','2024-06-02'),
(230,'2024-05-24','ЧВ','Д/035/000147','2024-04-21','А4789',0.0000,6370.0000,0.0000,0.0000,0.0000,0.0000,26,2,'2024-06-02','2024-06-02'),
(231,'2024-05-20','ЧВ','Д/035/000147','2024-04-21','А4789',0.0000,754.0000,0.0000,0.0000,0.0000,0.0000,26,7,'2024-06-02','2024-06-02'),
(232,'2024-05-20','ЧВ','Д/035/000147','2024-04-21','А4789',0.0000,226.0000,0.0000,0.0000,0.0000,0.0000,26,9,'2024-06-02','2024-06-02'),
(233,'2024-05-24','ЧВ','Д 013/000064','2024-05-25','А1361',0.0000,32944.0000,0.0000,0.0000,0.0000,0.0000,26,12,'2024-06-02','2024-06-02'),
(234,'2024-05-25','ЧВ','Д 013/000064','2024-05-25','А1361',0.0000,25110.0000,0.0000,0.0000,0.0000,0.0000,26,12,'2024-06-02','2024-06-02'),
(235,'2024-05-27','ЧВ','Д/035/000147','2024-04-21','А4789',0.0000,3556.0000,0.0000,0.0000,0.0000,0.0000,26,12,'2024-06-02','2024-06-02'),
(236,'2024-05-28','ЧВ','Д/035/000147','2024-04-21','А4789',0.0000,3199.0000,0.0000,0.0000,0.0000,0.0000,26,12,'2024-06-02','2024-06-02'),
(237,'2024-05-25','ЧВ','Д/000147/039','2024-04-21','А4789',0.0000,8818.0000,0.0000,0.0000,0.0000,0.0000,26,13,'2024-06-02','2024-06-02'),
(238,'2024-05-30','Супровідний лист','бн','2024-05-23','А4789',0.0000,735.0000,0.0000,0.0000,0.0000,0.0000,26,9,'2024-06-02','2024-06-02'),
(239,'2024-05-30','Супровідний лист','бн','2024-05-23','А4789',0.0000,4104.0000,0.0000,0.0000,0.0000,0.0000,26,2,'2024-06-02','2024-06-02'),
(240,'2024-05-24','ЧВ','Д/000147/039','2024-04-21','А4789',0.0000,8405.0000,0.0000,0.0000,0.0000,0.0000,26,12,'2024-06-02','2024-06-02'),
(241,'2024-05-25','ЧВ','Д/000147/039','2024-04-21','А4789',0.0000,8860.0000,0.0000,0.0000,0.0000,0.0000,26,12,'2024-06-02','2024-06-02'),
(242,'2024-05-26','ЧВ','Д/000147/039','2024-04-21','А4789',0.0000,15575.0000,0.0000,0.0000,0.0000,0.0000,26,12,'2024-06-02','2024-06-02'),
(243,'2024-05-25','ЧВ','Д/000147/039','2024-04-21','А4789',0.0000,7366.0000,0.0000,0.0000,0.0000,0.0000,26,2,'2024-06-02','2024-06-02'),
(244,'2024-05-31','ЧВ','Д/000147/039','2024-04-21','А4789',0.0000,8385.0000,0.0000,0.0000,0.0000,0.0000,26,12,'2024-06-02','2024-06-02'),
(245,'2024-05-31','ЧВ','Д/000147/039','2024-04-21','А4789',0.0000,4059.0000,0.0000,0.0000,0.0000,0.0000,26,2,'2024-06-02','2024-06-02'),
(246,'2024-05-25','ТЧВ','37/147','2024-04-25','А7038',1950.0000,1453.0000,0.0000,0.0000,0.0000,0.0000,8,2,'2024-06-02','2024-06-02'),
(247,'2024-05-25','ТЧВ','32/147','2024-04-16','А4638',700.0000,585.0000,0.0000,0.0000,0.0000,0.0000,8,12,'2024-06-02','2024-06-02'),
(248,'2024-05-25','ТЧВ','42/147','2024-05-06','А4648',135.0000,113.0000,0.0000,0.0000,0.0000,0.0000,1,12,'2024-06-02','2024-06-02'),
(249,'2024-05-25','ТЧВ','43/147','2024-05-14','А4667',0.0000,8032.0000,0.0000,0.0000,0.0000,0.0000,5,12,'2024-06-02','2024-06-02');
/*!40000 ALTER TABLE `pmm_2024` ENABLE KEYS */;
UNLOCK TABLES;
/*!40103 SET TIME_ZONE=@OLD_TIME_ZONE */;

/*!40101 SET SQL_MODE=@OLD_SQL_MODE */;
/*!40014 SET FOREIGN_KEY_CHECKS=@OLD_FOREIGN_KEY_CHECKS */;
/*!40014 SET UNIQUE_CHECKS=@OLD_UNIQUE_CHECKS */;
/*!40101 SET CHARACTER_SET_CLIENT=@OLD_CHARACTER_SET_CLIENT */;
/*!40101 SET CHARACTER_SET_RESULTS=@OLD_CHARACTER_SET_RESULTS */;
/*!40101 SET COLLATION_CONNECTION=@OLD_COLLATION_CONNECTION */;
/*!40111 SET SQL_NOTES=@OLD_SQL_NOTES */;

-- Dump completed on 2024-06-02 12:41:29
